{"cameraMode":{"drawMode":0,"name":"Shaded","section":"Shading Mode"},"sceneLighting":false,"audioPlay":false,"sceneViewState":{"m_AlwaysRefresh":false,"showFog":true,"showSkybox":false,"showFlares":true,"showImageEffects":true,"showParticleSystems":true,"showVisualEffectGraphs":true,"m_FxEnabled":true},"in2DMode":false,"pivot":{"x":-0.8142085075378418,"y":-0.9240725040435791,"z":2.8817992210388185},"rotation":{"x":0.16595110297203065,"y":0.5788971185684204,"z":-0.1217602863907814,"w":0.7889973521232605},"size":32.626651763916019,"orthographic":false}