{"cameraMode":{"drawMode":0,"name":"Shaded","section":"Shading Mode"},"sceneLighting":false,"audioPlay":false,"sceneViewState":{"m_AlwaysRefresh":false,"showFog":true,"showSkybox":false,"showFlares":true,"showImageEffects":true,"showParticleSystems":true,"showVisualEffectGraphs":true,"m_FxEnabled":true},"in2DMode":false,"pivot":{"x":-0.15730789303779603,"y":0.003298845374956727,"z":2.176466703414917},"rotation":{"x":0.16595110297203065,"y":0.5788971185684204,"z":-0.1217602863907814,"w":0.7889973521232605},"size":2.8010306358337404,"orthographic":false}