{"cameraMode":{"drawMode":0,"name":"Shaded","section":"Shading Mode"},"sceneLighting":true,"audioPlay":false,"sceneViewState":{"m_AlwaysRefresh":false,"showFog":true,"showSkybox":true,"showFlares":true,"showImageEffects":true,"showParticleSystems":true,"showVisualEffectGraphs":true,"m_FxEnabled":true},"in2DMode":false,"pivot":{"x":65.17810821533203,"y":44.216339111328128,"z":119.01311492919922},"rotation":{"x":0.03793269023299217,"y":-0.9620425701141357,"z":0.18732485175132752,"w":0.1948065459728241},"size":0.21280068159103394,"orthographic":false}