{"cameraMode":{"drawMode":0,"name":"Shaded","section":"Shading Mode"},"sceneLighting":false,"audioPlay":false,"sceneViewState":{"m_AlwaysRefresh":false,"showFog":true,"showSkybox":false,"showFlares":true,"showImageEffects":true,"showParticleSystems":true,"showVisualEffectGraphs":true,"m_FxEnabled":true},"in2DMode":false,"pivot":{"x":0.01364976167678833,"y":0.22665849328041078,"z":-0.051967769861221316},"rotation":{"x":0.16595110297203065,"y":0.5788971185684204,"z":-0.1217602863907814,"w":0.7889973521232605},"size":3.5753087997436525,"orthographic":false}